<!--****** MONITORED HOSTS ******-->
<monitored-host-system host-name="" load-generator="false" proxy-id="" uid="NeoLoad">
    <embedded-action>bfc3a954-7f6d-451e-b54c-7ff7b8fd959a</embedded-action>
</monitored-host-system>
<monitored-host-system host-name="localhost:7100" load-generator="true"
    proxy-id="" uid="LG localhost:7100">
    <embedded-action>f934aee3-a066-4fd0-80b5-836412d1b7a7</embedded-action>
</monitored-host-system>
<!--****** END MONITORED HOSTS ******-->
<!--****** MONITOR CONNECTIONS ******-->
<connection-system interval="1000" name="NeoLoad" server-port="0" uid="bfc3a954-7f6d-451e-b54c-7ff7b8fd959a">
    <monitor-category name="Default" short-display-name="Default">
        <monitor-wrapped-statistic callTime="ON_BENCH" computing="0"
            format="NUMBER" name="UserLoad" sampling="0" unit=""/>
        <monitor-wrapped-statistic callTime="ON_BENCH" computing="0"
            format="NUMBER" name="throughput" sampling="0" unit="Mb/s"/>
        <monitor-wrapped-statistic callTime="ON_BENCH" computing="0"
            format="NUMBER" name="Alerts" sampling="0" unit=""/>
        <monitor-wrapped-statistic callTime="ON_BENCH" computing="0"
            format="NUMBER" name="CriticalAlerts" sampling="0" unit=""/>
        <monitor-wrapped-statistic callTime="ON_BENCH" computing="0"
            format="NUMBER" name="WarningAlerts" sampling="0" unit=""/>
        <monitor-wrapped-statistic callTime="ON_BENCH" computing="0"
            format="NUMBER" name="cpu" sampling="0"
            threshold="a36ced61-a9ad-45df-9df3-9d890fcd4dba" unit="%"/>
        <monitor-wrapped-statistic callTime="ON_BENCH" computing="0"
            format="NUMBER" name="memory" sampling="0"
            threshold="8847c42c-67aa-42dc-ac85-4e236a1cae40" unit="%"/>
        <monitor-wrapped-statistic callTime="ON_BENCH" computing="0"
            format="NUMBER" name="memoryos" sampling="0"
            threshold="06224e72-f2f7-47d5-be15-8e094a7ffb4b" unit="%"/>
        <monitor-wrapped-statistic callTime="ON_BENCH" computing="0"
            format="NUMBER" name="threadcount" sampling="0" unit=""/>
        <monitor-category name="Load Generator Connections" short-display-name="Load Generator Connections">
            <monitor-wrapped-statistic callTime="ON_BENCH" computing="0"
                format="NUMBER" name="connectedlg" sampling="0" unit=""/>
            <monitor-wrapped-statistic callTime="ON_BENCH" computing="0"
                format="NUMBER" name="totallgdisconnections"
                sampling="0"
                threshold="1d06c281-cbde-423d-93a0-b385796dfa38" unit=""/>
            <monitor-wrapped-statistic callTime="ON_BENCH" computing="0"
                format="NUMBER" name="totallgreconnections" sampling="0" unit=""/>
        </monitor-category>
        <monitor-category name="Network" short-display-name="Network">
            <monitor-wrapped-statistic callTime="ON_BENCH" computing="0"
                format="NUMBER" name="otcp.NeoLoad" sampling="0" unit=""/>
            <monitor-wrapped-statistic callTime="ON_BENCH" computing="0"
                format="NUMBER" name="tcp.NeoLoad" sampling="0" unit=""/>
            <monitor-category
                name="eth1 (Bluetooth Device (Personal Area Network) #6)" short-display-name="eth1 (Bluetooth Device (Personal Area Network) #6)">
                <monitor-wrapped-statistic callTime="ON_BENCH"
                    computing="0" format="NUMBER"
                    name="ibytesperinterface~NeoLoad~eth1" sampling="0" unit="Mb/s"/>
                <monitor-wrapped-statistic callTime="ON_BENCH"
                    computing="0" format="NUMBER"
                    name="obytesperinterface~NeoLoad~eth1" sampling="0" unit="Mb/s"/>
            </monitor-category>
            <monitor-category
                name="wlan3 (Realtek 8822BE Wireless LAN 802.11ac PCI-E NIC)" short-display-name="wlan3 (Realtek 8822BE Wireless LAN 802.11ac PCI-E NIC)">
                <monitor-wrapped-statistic callTime="ON_BENCH"
                    computing="0" format="NUMBER"
                    name="ibytesperinterface~NeoLoad~wlan3" sampling="0" unit="Mb/s"/>
                <monitor-wrapped-statistic callTime="ON_BENCH"
                    computing="0" format="NUMBER"
                    name="obytesperinterface~NeoLoad~wlan3" sampling="0" unit="Mb/s"/>
            </monitor-category>
        </monitor-category>
        <monitor-category name="NeoLoad Web" short-display-name="NeoLoad Web">
            <monitor-wrapped-statistic callTime="ON_BENCH" computing="0"
                format="NUMBER" name="nlwebdownload" sampling="0" unit=""/>
            <monitor-wrapped-statistic callTime="ON_BENCH" computing="0"
                format="NUMBER" name="nlwebupload" sampling="0" unit=""/>
        </monitor-category>
        <monitor-wrapped-statistic callTime="ON_BENCH" computing="0"
            format="NUMBER" name="SapUserLoad" sampling="0" unit=""/>
    </monitor-category>
    <monitor-category name="Zones" short-display-name="Zones">
        <monitor-category name="Default zone" short-display-name="Default zone">
            <monitor-wrapped-statistic callTime="ON_BENCH" computing="0"
                format="NUMBER" name="zoneuserload~Default zone"
                sampling="0" unit=""/>
            <monitor-category name="P1_Opencart_NewAccountCreation" short-display-name="P1_Opencart_NewAccountCreation">
                <monitor-wrapped-statistic callTime="ON_BENCH"
                    computing="0" format="NUMBER"
                    name="zoneuserloadperpopulation~Default zone~P1_Opencart_NewAccountCreation"
                    sampling="0" unit=""/>
                <monitor-category name="Opencart_NewAccountCreation" short-display-name="Opencart_NewAccountCreation">
                    <monitor-wrapped-statistic callTime="ON_BENCH"
                        computing="0" format="NUMBER"
                        name="zoneuserloadperpopulation~Default zone~P1_Opencart_NewAccountCreation~Opencart_NewAccountCreation"
                        sampling="0" unit=""/>
                </monitor-category>
            </monitor-category>
            <monitor-category name="P1_Opencart_AddProductToCart" short-display-name="P1_Opencart_AddProductToCart">
                <monitor-wrapped-statistic callTime="ON_BENCH"
                    computing="0" format="NUMBER"
                    name="zoneuserloadperpopulation~Default zone~P1_Opencart_AddProductToCart"
                    sampling="0" unit=""/>
                <monitor-category name="Opencart_AddProductToCart" short-display-name="Opencart_AddProductToCart">
                    <monitor-wrapped-statistic callTime="ON_BENCH"
                        computing="0" format="NUMBER"
                        name="zoneuserloadperpopulation~Default zone~P1_Opencart_AddProductToCart~Opencart_AddProductToCart"
                        sampling="0" unit=""/>
                </monitor-category>
            </monitor-category>
            <monitor-category name="P1_Opencart_AddItemToWishList" short-display-name="P1_Opencart_AddItemToWishList">
                <monitor-wrapped-statistic callTime="ON_BENCH"
                    computing="0" format="NUMBER"
                    name="zoneuserloadperpopulation~Default zone~P1_Opencart_AddItemToWishList"
                    sampling="0" unit=""/>
                <monitor-category name="Opencart_AddItemToWishList" short-display-name="Opencart_AddItemToWishList">
                    <monitor-wrapped-statistic callTime="ON_BENCH"
                        computing="0" format="NUMBER"
                        name="zoneuserloadperpopulation~Default zone~P1_Opencart_AddItemToWishList~Opencart_AddItemToWishList"
                        sampling="0" unit=""/>
                </monitor-category>
            </monitor-category>
        </monitor-category>
    </monitor-category>
    <threshold enabled="true" uid="a36ced61-a9ad-45df-9df3-9d890fcd4dba">
        <threshold-condition durationKind="SECONDS" durationNumber="15"
            operator="GREATER_THAN" severity="LOW" valueMax="Infinity" valueMin="80.0">
            <threshold-comment language="en">
                <threshold-content>Controller CPU high.</threshold-content>
            </threshold-comment>
            <threshold-comment language="fr">
                <threshold-content>CPU du Contrôleur surchargé.</threshold-content>
            </threshold-comment>
        </threshold-condition>
        <threshold-condition durationKind="SECONDS" durationNumber="15"
            operator="GREATER_THAN" severity="HIGH" valueMax="Infinity" valueMin="90.0">
            <threshold-comment language="en">
                <threshold-content>Controller CPU high.</threshold-content>
            </threshold-comment>
            <threshold-comment language="fr">
                <threshold-content>CPU du Contrôleur surchargé.</threshold-content>
            </threshold-comment>
        </threshold-condition>
    </threshold>
    <threshold enabled="true" uid="8847c42c-67aa-42dc-ac85-4e236a1cae40">
        <threshold-condition durationKind="SECONDS" durationNumber="15"
            operator="GREATER_THAN" severity="LOW" valueMax="Infinity" valueMin="80.0">
            <threshold-comment language="en">
                <threshold-content>Too high amount of JVM memory used</threshold-content>
            </threshold-comment>
            <threshold-comment language="fr">
                <threshold-content>Quantité de mémoire de la JVM  en cours d'utilisation élevée</threshold-content>
            </threshold-comment>
        </threshold-condition>
        <threshold-condition durationKind="SECONDS" durationNumber="15"
            operator="GREATER_THAN" severity="HIGH" valueMax="Infinity" valueMin="90.0">
            <threshold-comment language="en">
                <threshold-content>Too high amount of JVM memory used</threshold-content>
            </threshold-comment>
            <threshold-comment language="fr">
                <threshold-content>Quantité de mémoire de la JVM  en cours d'utilisation élevée</threshold-content>
            </threshold-comment>
        </threshold-condition>
    </threshold>
    <threshold enabled="true" uid="06224e72-f2f7-47d5-be15-8e094a7ffb4b">
        <threshold-condition durationKind="SECONDS" durationNumber="15"
            operator="GREATER_THAN" severity="LOW" valueMax="Infinity" valueMin="80.0">
            <threshold-comment language="en">
                <threshold-content>Too high amount of OS memory used</threshold-content>
            </threshold-comment>
            <threshold-comment language="fr">
                <threshold-content>Quantité de mémoire de l'OS  en cours d'utilisation élevée</threshold-content>
            </threshold-comment>
        </threshold-condition>
        <threshold-condition durationKind="SECONDS" durationNumber="15"
            operator="GREATER_THAN" severity="HIGH" valueMax="Infinity" valueMin="90.0">
            <threshold-comment language="en">
                <threshold-content>Too high amount of OS memory used</threshold-content>
            </threshold-comment>
            <threshold-comment language="fr">
                <threshold-content>Quantité de mémoire de l'OS  en cours d'utilisation élevée</threshold-content>
            </threshold-comment>
        </threshold-condition>
    </threshold>
    <threshold enabled="true" uid="1d06c281-cbde-423d-93a0-b385796dfa38">
        <threshold-condition durationKind="NB_OF_TIMES"
            durationNumber="1" operator="GREATER_THAN" severity="LOW"
            valueMax="Infinity" valueMin="1.0">
            <threshold-comment language="en">
                <threshold-content>Load Generator Diconnected &gt;=1</threshold-content>
            </threshold-comment>
            <threshold-comment language="fr">
                <threshold-content>Injecteur  déconnecté &gt;= 1</threshold-content>
            </threshold-comment>
        </threshold-condition>
    </threshold>
</connection-system>
<connection-system interval="1000" name="NeoLoad" server-port="0" uid="f934aee3-a066-4fd0-80b5-836412d1b7a7">
    <monitor-category name="Default" short-display-name="Default">
        <monitor-wrapped-statistic callTime="ON_BENCH" computing="0"
            format="NUMBER" name="lgcpu.localhost:7100" sampling="0"
            threshold="1b1924e3-78e8-4402-a673-4dfb870cd489" unit="%"/>
        <monitor-wrapped-statistic callTime="ON_BENCH" computing="0"
            format="NUMBER" name="lgmemory.localhost:7100" sampling="0"
            threshold="ad3f4d72-ad5b-4e7f-91f7-332d47a165ee" unit="%"/>
        <monitor-wrapped-statistic callTime="ON_BENCH" computing="0"
            format="NUMBER" name="lgosmemory.localhost:7100"
            sampling="0"
            threshold="3c1153cf-c2ef-432c-8347-76fe1c4207d1" unit="%"/>
        <monitor-wrapped-statistic callTime="ON_BENCH" computing="0"
            format="NUMBER" name="lgthroughput.localhost:7100"
            sampling="0" unit="Mb/s"/>
        <monitor-wrapped-statistic callTime="ON_BENCH" computing="0"
            format="NUMBER"
            name="lguserloadperpopulation~localhost:7100" sampling="0" unit=""/>
        <monitor-wrapped-statistic callTime="ON_BENCH" computing="0"
            format="NUMBER" name="lgthreadcount.localhost:7100"
            sampling="0" unit=""/>
        <monitor-category name="Http client" short-display-name="Http client">
            <monitor-wrapped-statistic callTime="ON_BENCH" computing="0"
                format="NUMBER"
                name="lg.jetty.httpclient.threadpool.used.localhost:7100"
                sampling="0" unit="%"/>
            <monitor-wrapped-statistic callTime="ON_BENCH" computing="0"
                format="NUMBER"
                name="lg.jetty.httpclient.taskpool.used.localhost:7100"
                sampling="0"
                threshold="ffdb5aba-fc7a-43e0-8ef6-9237c2bab894" unit="%"/>
        </monitor-category>
        <monitor-category name="Controller Connection" short-display-name="Controller Connection">
            <monitor-wrapped-statistic callTime="ON_BENCH" computing="0"
                format="NUMBER" name="lgdisconnections.localhost:7100"
                sampling="0" unit=""/>
            <monitor-wrapped-statistic callTime="ON_BENCH" computing="0"
                format="NUMBER" name="lgreconnections.localhost:7100"
                sampling="0" unit=""/>
            <monitor-wrapped-statistic callTime="ON_BENCH" computing="0"
                format="NUMBER" name="lgping.localhost:7100"
                sampling="0" unit="ms"/>
        </monitor-category>
        <monitor-category name="Network" short-display-name="Network">
            <monitor-wrapped-statistic callTime="ON_BENCH" computing="0"
                format="NUMBER" name="lgotcp.localhost:7100"
                sampling="0" unit=""/>
            <monitor-wrapped-statistic callTime="ON_BENCH" computing="0"
                format="NUMBER" name="lgtcp.localhost:7100" sampling="0" unit=""/>
            <monitor-category
                name="eth1 (Bluetooth Device (Personal Area Network) #6)" short-display-name="eth1 (Bluetooth Device (Personal Area Network) #6)">
                <monitor-wrapped-statistic callTime="ON_BENCH"
                    computing="0" format="NUMBER"
                    name="lgibytesperinterface~localhost:7100~eth1"
                    sampling="0" unit="Mb/s"/>
                <monitor-wrapped-statistic callTime="ON_BENCH"
                    computing="0" format="NUMBER"
                    name="lgobytesperinterface~localhost:7100~eth1"
                    sampling="0" unit="Mb/s"/>
            </monitor-category>
            <monitor-category
                name="wlan3 (Realtek 8822BE Wireless LAN 802.11ac PCI-E NIC)" short-display-name="wlan3 (Realtek 8822BE Wireless LAN 802.11ac PCI-E NIC)">
                <monitor-wrapped-statistic callTime="ON_BENCH"
                    computing="0" format="NUMBER"
                    name="lgibytesperinterface~localhost:7100~wlan3"
                    sampling="0" unit="Mb/s"/>
                <monitor-wrapped-statistic callTime="ON_BENCH"
                    computing="0" format="NUMBER"
                    name="lgobytesperinterface~localhost:7100~wlan3"
                    sampling="0" unit="Mb/s"/>
            </monitor-category>
        </monitor-category>
    </monitor-category>
    <threshold enabled="true" uid="1b1924e3-78e8-4402-a673-4dfb870cd489">
        <threshold-condition durationKind="SECONDS" durationNumber="15"
            operator="GREATER_THAN" severity="LOW" valueMax="Infinity" valueMin="80.0">
            <threshold-comment language="en">
                <threshold-content>Load generator CPU high.</threshold-content>
            </threshold-comment>
            <threshold-comment language="fr">
                <threshold-content>CPU de l'injecteur surchargé.</threshold-content>
            </threshold-comment>
        </threshold-condition>
        <threshold-condition durationKind="SECONDS" durationNumber="15"
            operator="GREATER_THAN" severity="HIGH" valueMax="Infinity" valueMin="90.0">
            <threshold-comment language="en">
                <threshold-content>Load generator CPU high.</threshold-content>
            </threshold-comment>
            <threshold-comment language="fr">
                <threshold-content>CPU de l'injecteur surchargé.</threshold-content>
            </threshold-comment>
        </threshold-condition>
    </threshold>
    <threshold enabled="true" uid="ad3f4d72-ad5b-4e7f-91f7-332d47a165ee">
        <threshold-condition durationKind="SECONDS" durationNumber="15"
            operator="GREATER_THAN" severity="LOW" valueMax="Infinity" valueMin="80.0">
            <threshold-comment language="en">
                <threshold-content>Too high amount of JVM memory used</threshold-content>
            </threshold-comment>
            <threshold-comment language="fr">
                <threshold-content>Quantité de mémoire de la JVM  en cours d'utilisation élevée</threshold-content>
            </threshold-comment>
        </threshold-condition>
        <threshold-condition durationKind="SECONDS" durationNumber="15"
            operator="GREATER_THAN" severity="HIGH" valueMax="Infinity" valueMin="90.0">
            <threshold-comment language="en">
                <threshold-content>Too high amount of JVM memory used</threshold-content>
            </threshold-comment>
            <threshold-comment language="fr">
                <threshold-content>Quantité de mémoire de la JVM  en cours d'utilisation élevée</threshold-content>
            </threshold-comment>
        </threshold-condition>
    </threshold>
    <threshold enabled="true" uid="3c1153cf-c2ef-432c-8347-76fe1c4207d1">
        <threshold-condition durationKind="SECONDS" durationNumber="15"
            operator="GREATER_THAN" severity="LOW" valueMax="Infinity" valueMin="80.0">
            <threshold-comment language="en">
                <threshold-content>Too high amount of OS memory used</threshold-content>
            </threshold-comment>
            <threshold-comment language="fr">
                <threshold-content>Quantité de mémoire de l'OS  en cours d'utilisation élevée</threshold-content>
            </threshold-comment>
        </threshold-condition>
        <threshold-condition durationKind="SECONDS" durationNumber="15"
            operator="GREATER_THAN" severity="HIGH" valueMax="Infinity" valueMin="90.0">
            <threshold-comment language="en">
                <threshold-content>Too high amount of OS memory used</threshold-content>
            </threshold-comment>
            <threshold-comment language="fr">
                <threshold-content>Quantité de mémoire de l'OS  en cours d'utilisation élevée</threshold-content>
            </threshold-comment>
        </threshold-condition>
    </threshold>
    <threshold enabled="true" uid="ffdb5aba-fc7a-43e0-8ef6-9237c2bab894">
        <threshold-condition durationKind="SECONDS" durationNumber="15"
            operator="GREATER_THAN" severity="LOW" valueMax="Infinity" valueMin="70.0">
            <threshold-comment language="en">
                <threshold-content>Too high amount of tasks queue by Jetty</threshold-content>
            </threshold-comment>
            <threshold-comment language="fr">
                <threshold-content>Quantité de tâches Jetty en cours d'exécution élevée</threshold-content>
            </threshold-comment>
        </threshold-condition>
        <threshold-condition durationKind="SECONDS" durationNumber="15"
            operator="GREATER_THAN" severity="HIGH" valueMax="Infinity" valueMin="90.0">
            <threshold-comment language="en">
                <threshold-content>Too high amount of tasks queue by Jetty</threshold-content>
            </threshold-comment>
            <threshold-comment language="fr">
                <threshold-content>Quantité de tâches Jetty en cours d'exécution élevée</threshold-content>
            </threshold-comment>
        </threshold-condition>
    </threshold>
</connection-system>
<!--****** END MONITOR CONNECTIONS ******-->
<!--****** DASHBOARDS  ******-->
<dashboards defaultDashboardUid="Graph board_1"/>
<charts-model-description name="Graph board">
    <chart-description autoRange="true"
        chart-description-type="chart-description-type"
        domainMarkerVisible="true" granularityLevel="0"
        historyState="XMIN" includeInReport="false"
        rangeMarkerVisible="true" title="User Load and Error Rate" typeName="CLASSIC">
        <monitor-curve-description
            benchUid="3174fa21-54bb-44d0-bd7e-39904caf9bcf"
            color="20,106,203" connectionName="NeoLoad" dashed="false"
            monitorName="UserLoad" monitoredHostName="NeoLoad"
            scale="1.0" selected="false"/>
        <action-curve-description
            actionUid="2ee035d5-0178-378f-8d0a-63218f082d2f"
            benchUid="3174fa21-54bb-44d0-bd7e-39904caf9bcf"
            color="200,0,0" dashed="false" populationName="" scale="1.0"
            selected="false" statisticName="result.errors" zoneName=""/>
    </chart-description>
    <chart-description autoRange="true"
        chart-description-type="chart-description-type"
        domainMarkerVisible="true" granularityLevel="0"
        historyState="XMIN" includeInReport="false"
        rangeMarkerVisible="true" title="Overall Throughput" typeName="CLASSIC">
        <monitor-curve-description
            benchUid="3174fa21-54bb-44d0-bd7e-39904caf9bcf"
            color="42,89,26" connectionName="NeoLoad" dashed="false"
            monitorName="throughput" monitoredHostName="NeoLoad"
            scale="1.0" selected="false"/>
    </chart-description>
    <chart-description autoRange="true"
        chart-description-type="chart-description-type"
        domainMarkerVisible="true" granularityLevel="0"
        historyState="XMIN" includeInReport="false"
        rangeMarkerVisible="true" title="Load Generators CPU usage" typeName="CLASSIC">
        <monitor-curve-description
            benchUid="3174fa21-54bb-44d0-bd7e-39904caf9bcf"
            color="0,255,0" connectionName="NeoLoad" dashed="false"
            monitorName="lgcpu.localhost:7100"
            monitoredHostName="LG localhost:7100" scale="1.0" selected="false"/>
    </chart-description>
    <chart-description autoRange="true"
        chart-description-type="chart-description-type"
        domainMarkerVisible="true" granularityLevel="0"
        historyState="XMIN" includeInReport="false"
        rangeMarkerVisible="true" title="01_Launch - Average duration" typeName="CLASSIC">
        <action-curve-description
            actionUid="58a1e72f-248d-44be-b02f-a04a539d81cc"
            benchUid="3174fa21-54bb-44d0-bd7e-39904caf9bcf"
            color="153,153,0" dashed="false" populationName=""
            scale="1.0" selected="false"
            statisticName="result.average.duration"
            virtualUserUid="Opencart_NewAccountCreation" zoneName=""/>
        <action-curve-description
            actionUid="632f7126-4d53-4a39-b74c-c267529a0aa8"
            benchUid="3174fa21-54bb-44d0-bd7e-39904caf9bcf"
            color="20,106,203" dashed="false" populationName=""
            scale="1.0" selected="false"
            statisticName="result.average.duration"
            virtualUserUid="Opencart_NewAccountCreation" zoneName=""/>
        <action-curve-description
            actionUid="23b1d4a3-3b9d-4cc7-af87-78534025ecde"
            benchUid="3174fa21-54bb-44d0-bd7e-39904caf9bcf"
            color="88,183,55" dashed="false" populationName=""
            scale="1.0" selected="true"
            statisticName="result.average.duration"
            virtualUserUid="Opencart_NewAccountCreation" zoneName=""/>
    </chart-description>
    <chart-description autoRange="true"
        chart-description-type="chart-description-type"
        domainMarkerVisible="true" granularityLevel="0"
        historyState="XMIN" includeInReport="false"
        rangeMarkerVisible="true" title="01_Launch - Average duration" typeName="CLASSIC">
        <action-curve-description
            actionUid="a4427113-246a-4d2e-9645-886947a2359a"
            benchUid="3174fa21-54bb-44d0-bd7e-39904caf9bcf"
            color="153,153,0" dashed="false" populationName=""
            scale="1.0" selected="false"
            statisticName="result.average.duration"
            virtualUserUid="Opencart_AddProductToCart" zoneName=""/>
        <action-curve-description
            actionUid="b357eb67-3660-4b92-9e6e-238577561bdf"
            benchUid="3174fa21-54bb-44d0-bd7e-39904caf9bcf"
            color="20,106,203" dashed="false" populationName=""
            scale="1.0" selected="false"
            statisticName="result.average.duration"
            virtualUserUid="Opencart_AddProductToCart" zoneName=""/>
        <action-curve-description
            actionUid="fcb607ad-38e1-4f83-8642-2d961ba90412"
            benchUid="3174fa21-54bb-44d0-bd7e-39904caf9bcf"
            color="88,183,55" dashed="false" populationName=""
            scale="1.0" selected="false"
            statisticName="result.average.duration"
            virtualUserUid="Opencart_AddProductToCart" zoneName=""/>
        <action-curve-description
            actionUid="d9a358d6-c44d-478e-90c5-fa9afd1c3850"
            benchUid="3174fa21-54bb-44d0-bd7e-39904caf9bcf"
            color="200,0,0" dashed="false" populationName="" scale="1.0"
            selected="false" statisticName="result.average.duration"
            virtualUserUid="Opencart_AddProductToCart" zoneName=""/>
        <action-curve-description
            actionUid="d0be97be-c0f2-40f5-a899-19ef5beffa52"
            benchUid="3174fa21-54bb-44d0-bd7e-39904caf9bcf"
            color="191,0,189" dashed="false" populationName=""
            scale="1.0" selected="true"
            statisticName="result.average.duration"
            virtualUserUid="Opencart_AddProductToCart" zoneName=""/>
    </chart-description>
    <chart-description autoRange="true"
        chart-description-type="chart-description-type"
        domainMarkerVisible="true" granularityLevel="0"
        historyState="XMIN" includeInReport="false"
        rangeMarkerVisible="true" title="01_Launch - Average duration" typeName="CLASSIC">
        <action-curve-description
            actionUid="cf5655bf-d9fb-43ad-b140-e703bfecb12c"
            benchUid="3174fa21-54bb-44d0-bd7e-39904caf9bcf"
            color="153,153,0" dashed="false" populationName=""
            scale="1.0" selected="false"
            statisticName="result.average.duration"
            virtualUserUid="Opencart_AddItemToWishList" zoneName=""/>
        <action-curve-description
            actionUid="23db30ca-d0bf-4c53-a0e0-13cabcb7eb86"
            benchUid="3174fa21-54bb-44d0-bd7e-39904caf9bcf"
            color="20,106,203" dashed="false" populationName=""
            scale="1.0" selected="false"
            statisticName="result.average.duration"
            virtualUserUid="Opencart_AddItemToWishList" zoneName=""/>
        <action-curve-description
            actionUid="c516649d-a9b7-4562-9ac0-67b23fe0d061"
            benchUid="3174fa21-54bb-44d0-bd7e-39904caf9bcf"
            color="88,183,55" dashed="false" populationName=""
            scale="1.0" selected="false"
            statisticName="result.average.duration"
            virtualUserUid="Opencart_AddItemToWishList" zoneName=""/>
        <action-curve-description
            actionUid="d4d29a54-ede1-4b82-b2c9-4a7666d5c0e7"
            benchUid="3174fa21-54bb-44d0-bd7e-39904caf9bcf"
            color="200,0,0" dashed="false" populationName="" scale="1.0"
            selected="true" statisticName="result.average.duration"
            virtualUserUid="Opencart_AddItemToWishList" zoneName=""/>
    </chart-description>
    <chart-description autoRange="true"
        chart-description-type="chart-description-type"
        domainMarkerVisible="true" granularityLevel="0"
        historyState="XMIN" includeInReport="false"
        rangeMarkerVisible="true" title="Requests/s and Errors/s" typeName="CLASSIC">
        <monitor-curve-description
            benchUid="3174fa21-54bb-44d0-bd7e-39904caf9bcf"
            color="20,106,203" connectionName="NeoLoad" dashed="false"
            monitorName="UserLoad" monitoredHostName="NeoLoad"
            scale="1.0" selected="false"/>
        <action-curve-description
            actionUid="2ee035d5-0178-378f-8d0a-63218f082d2f"
            benchUid="3174fa21-54bb-44d0-bd7e-39904caf9bcf"
            color="88,183,55" dashed="false" populationName=""
            scale="1.0" selected="false" statisticName="result.hit.rate" zoneName=""/>
        <action-curve-description
            actionUid="2ee035d5-0178-378f-8d0a-63218f082d2f"
            benchUid="3174fa21-54bb-44d0-bd7e-39904caf9bcf"
            color="200,0,0" dashed="false" populationName="" scale="1.0"
            selected="false" statisticName="result.errors.per.s" zoneName=""/>
    </chart-description>
    <empty-chart-description/>
</charts-model-description>
<charts-model-description name="Graph board_1">
    <chart-description autoRange="true"
        chart-description-type="chart-description-type"
        description="If the CPU usage regularly exceeds 95%, more Load Generators should be added."
        domainMarkerVisible="true" granularityLevel="0"
        historyState="XMIN" includeInReport="false"
        rangeMarkerVisible="true" title="CPU usage per LG" typeName="CLASSIC">
        <monitor-curve-description
            benchUid="3174fa21-54bb-44d0-bd7e-39904caf9bcf"
            color="20,106,203" connectionName="NeoLoad" dashed="false"
            monitorName="UserLoad" monitoredHostName="NeoLoad"
            scale="1.0" selected="false"/>
        <monitor-curve-description
            benchUid="3174fa21-54bb-44d0-bd7e-39904caf9bcf"
            color="0,255,0" connectionName="NeoLoad" dashed="false"
            monitorName="lgcpu.localhost:7100"
            monitoredHostName="LG localhost:7100" scale="1.0" selected="false"/>
    </chart-description>
    <chart-description autoRange="true"
        chart-description-type="chart-description-type"
        domainMarkerVisible="true" granularityLevel="0"
        historyState="XMIN" includeInReport="false"
        rangeMarkerVisible="true" title="OS Memory usage per LG" typeName="CLASSIC">
        <monitor-curve-description
            benchUid="3174fa21-54bb-44d0-bd7e-39904caf9bcf"
            color="20,106,203" connectionName="NeoLoad" dashed="false"
            monitorName="UserLoad" monitoredHostName="NeoLoad"
            scale="1.0" selected="false"/>
        <monitor-curve-description
            benchUid="3174fa21-54bb-44d0-bd7e-39904caf9bcf"
            color="255,200,0" connectionName="NeoLoad" dashed="false"
            monitorName="lgosmemory.localhost:7100"
            monitoredHostName="LG localhost:7100" scale="1.0" selected="false"/>
    </chart-description>
    <chart-description autoRange="true"
        chart-description-type="chart-description-type"
        domainMarkerVisible="true" granularityLevel="0"
        historyState="XMIN" includeInReport="false"
        rangeMarkerVisible="true" title="JVM Memory usage per LG" typeName="CLASSIC">
        <monitor-curve-description
            benchUid="3174fa21-54bb-44d0-bd7e-39904caf9bcf"
            color="20,106,203" connectionName="NeoLoad" dashed="false"
            monitorName="UserLoad" monitoredHostName="NeoLoad"
            scale="1.0" selected="false"/>
        <monitor-curve-description
            benchUid="3174fa21-54bb-44d0-bd7e-39904caf9bcf"
            color="255,200,0" connectionName="NeoLoad" dashed="false"
            monitorName="lgmemory.localhost:7100"
            monitoredHostName="LG localhost:7100" scale="1.0" selected="false"/>
    </chart-description>
    <chart-description autoRange="true"
        chart-description-type="chart-description-type"
        domainMarkerVisible="true" granularityLevel="0"
        historyState="XMIN" includeInReport="false"
        rangeMarkerVisible="true" title="Throughput usage per LG" typeName="CLASSIC">
        <monitor-curve-description
            benchUid="3174fa21-54bb-44d0-bd7e-39904caf9bcf"
            color="20,106,203" connectionName="NeoLoad" dashed="false"
            monitorName="UserLoad" monitoredHostName="NeoLoad"
            scale="1.0" selected="false"/>
        <monitor-curve-description
            benchUid="3174fa21-54bb-44d0-bd7e-39904caf9bcf"
            color="191,0,189" connectionName="NeoLoad" dashed="false"
            monitorName="lgthroughput.localhost:7100"
            monitoredHostName="LG localhost:7100" scale="1.0" selected="false"/>
    </chart-description>
    <empty-chart-description/>
    <empty-chart-description/>
</charts-model-description>
<!--****** END DASHBOARDS  ******-->
<!--****** RESULTS GRAPH DESC TEMPLATES ******-->
<charts-templates-description name="template.customs"/>
