
	<!DOCTYPE project [
		<!ELEMENT project (objectids-table | current-scenario | duration | aggregation-period | truncated-mean | percentile)* >
	
		<!ELEMENT objectids-table (objectids-entry)* >
		<!ELEMENT objectids-entry (#PCDATA)>
		<!ELEMENT duration (#PCDATA)>
		<!ELEMENT truncated-mean (#PCDATA)>
		<!ELEMENT percentile (#PCDATA)>
		<!ELEMENT aggregation-period (#PCDATA)>
		<!ELEMENT current-scenario (#PCDATA)>
		<!ATTLIST duration
		    value CDATA #REQUIRED>
	    <!ATTLIST aggregation-period
		    value CDATA #REQUIRED>
		<!ATTLIST objectids-entry
		    objectid CDATA #REQUIRED
		    type CDATA #REQUIRED
		    value CDATA #REQUIRED
		    key CDATA #REQUIRED>
		<!ATTLIST truncated-mean
		    centered-interval CDATA #REQUIRED
		    percentage CDATA #REQUIRED>
		 <!ATTLIST percentile
		    percentage CDATA #REQUIRED>
	]>


<!--****** RUNTIME PROJECT ******--><project>
<!--****** CURRENT SCENARIO ******-->
<current-scenario>LoadTest</current-scenario>
<!--****** OBJECTIDS ******-->
<objectids-table>
<objectids-entry key="" objectid="0" type="LG_HOST" value="localhost:7100"/>
<objectids-entry key="" objectid="1" type="ZONE" value="Default zone"/>
<objectids-entry key="Default zone¤P1_Opencart_NewAccountCreation¤" objectid="2" type="POPULATION" value="P1_Opencart_NewAccountCreation"/>
<objectids-entry key="Default zone¤P1_Opencart_NewAccountCreation¤Opencart_NewAccountCreation" objectid="3" type="VIRTUAL_USER" value="Opencart_NewAccountCreation"/>
<objectids-entry key="Default zone¤P1_Opencart_NewAccountCreation¤Opencart_NewAccountCreation" objectid="4" type="BASIC_LOGICAL_CONTAINER" value="$parent=Opencart_NewAccountCreation;$index=0"/>
<objectids-entry key="Default zone¤P1_Opencart_NewAccountCreation¤Opencart_NewAccountCreation" objectid="5" type="BASIC_LOGICAL_CONTAINER" value="$parent=Opencart_NewAccountCreation;$index=1"/>
<objectids-entry key="Default zone¤P1_Opencart_NewAccountCreation¤Opencart_NewAccountCreation" objectid="6" type="BASIC_LOGICAL_CONTAINER" value="58a1e72f-248d-44be-b02f-a04a539d81cc"/>
<objectids-entry key="Default zone¤P1_Opencart_NewAccountCreation¤Opencart_NewAccountCreation" objectid="7" type="HTTP_PAGE" value="6024932f-20df-429b-8a1a-17f12950fb68"/>
<objectids-entry key="Default zone¤P1_Opencart_NewAccountCreation¤Opencart_NewAccountCreation" objectid="8" type="ACTION" value="31426328-deb1-4350-a2a5-322857ff0b20"/>
<objectids-entry key="Default zone¤P1_Opencart_NewAccountCreation¤Opencart_NewAccountCreation" objectid="9" type="ACTION" value="ce4410ec-d0ac-4e6f-aad5-7d29a742af4c"/>
<objectids-entry key="Default zone¤P1_Opencart_NewAccountCreation¤Opencart_NewAccountCreation" objectid="10" type="ACTION" value="78f9724e-2b4e-4b1d-b3a6-dcbbeff9d772"/>
<objectids-entry key="Default zone¤P1_Opencart_NewAccountCreation¤Opencart_NewAccountCreation" objectid="11" type="ACTION" value="467aefdd-958c-41e6-9b02-d6cf744917b3"/>
<objectids-entry key="Default zone¤P1_Opencart_NewAccountCreation¤Opencart_NewAccountCreation" objectid="12" type="ACTION" value="76ab33de-0025-411c-9762-b9bc9c8e12a7"/>
<objectids-entry key="Default zone¤P1_Opencart_NewAccountCreation¤Opencart_NewAccountCreation" objectid="13" type="ACTION" value="586364df-5fb3-4ec1-a8c4-eac47d3f6fc7"/>
<objectids-entry key="Default zone¤P1_Opencart_NewAccountCreation¤Opencart_NewAccountCreation" objectid="14" type="ACTION" value="9464fa47-b1b7-44ef-8195-771925493650"/>
<objectids-entry key="Default zone¤P1_Opencart_NewAccountCreation¤Opencart_NewAccountCreation" objectid="15" type="ACTION" value="ec01b9b5-e1fd-4436-bd6c-92ec2ab63981"/>
<objectids-entry key="Default zone¤P1_Opencart_NewAccountCreation¤Opencart_NewAccountCreation" objectid="16" type="ACTION" value="a28cb326-e55c-4f07-89e6-61d07c2837bd"/>
<objectids-entry key="Default zone¤P1_Opencart_NewAccountCreation¤Opencart_NewAccountCreation" objectid="17" type="ACTION" value="3e89fd0a-efe8-483c-84d8-2888fe966294"/>
<objectids-entry key="Default zone¤P1_Opencart_NewAccountCreation¤Opencart_NewAccountCreation" objectid="18" type="ACTION" value="8af5ee67-5e6d-48d4-862a-a325fc509f47"/>
<objectids-entry key="Default zone¤P1_Opencart_NewAccountCreation¤Opencart_NewAccountCreation" objectid="19" type="ACTION" value="6b92571c-d257-4082-8bab-d2b345059943"/>
<objectids-entry key="Default zone¤P1_Opencart_NewAccountCreation¤Opencart_NewAccountCreation" objectid="20" type="HTTP_PAGE" value="8d070067-bcf4-453b-88f3-9f2cf30a4f6b"/>
<objectids-entry key="Default zone¤P1_Opencart_NewAccountCreation¤Opencart_NewAccountCreation" objectid="21" type="ACTION" value="b9f06483-a2e8-4755-91cc-29eee12790de"/>
<objectids-entry key="Default zone¤P1_Opencart_NewAccountCreation¤Opencart_NewAccountCreation" objectid="22" type="ACTION" value="27d3f89b-2c62-4cc4-bda4-d170ad128290"/>
<objectids-entry key="Default zone¤P1_Opencart_NewAccountCreation¤Opencart_NewAccountCreation" objectid="23" type="ACTION" value="9c52c9f4-59d0-4dba-88a9-e96a8accdd87"/>
<objectids-entry key="Default zone¤P1_Opencart_NewAccountCreation¤Opencart_NewAccountCreation" objectid="24" type="ACTION" value="1f315229-609a-4067-8121-d98ea97dc9c6"/>
<objectids-entry key="Default zone¤P1_Opencart_NewAccountCreation¤Opencart_NewAccountCreation" objectid="25" type="ACTION" value="0a4ae4ef-b2f4-4230-9d8a-72f5c6da5dcc"/>
<objectids-entry key="Default zone¤P1_Opencart_NewAccountCreation¤Opencart_NewAccountCreation" objectid="26" type="ACTION" value="cc99d406-0ed5-4e19-9493-df4f5ee04653"/>
<objectids-entry key="Default zone¤P1_Opencart_NewAccountCreation¤Opencart_NewAccountCreation" objectid="27" type="ACTION" value="81f130d4-dd6b-4f67-815a-bc8804064dd8"/>
<objectids-entry key="Default zone¤P1_Opencart_NewAccountCreation¤Opencart_NewAccountCreation" objectid="28" type="ACTION" value="79e77ec8-1dd5-40b1-ac84-6d22f4e69af3"/>
<objectids-entry key="Default zone¤P1_Opencart_NewAccountCreation¤Opencart_NewAccountCreation" objectid="29" type="ACTION" value="335c7f2d-bea4-4fea-ba92-ca0006f979d5"/>
<objectids-entry key="Default zone¤P1_Opencart_NewAccountCreation¤Opencart_NewAccountCreation" objectid="30" type="ACTION" value="555a3c55-707f-4bdf-9f35-875571035fff"/>
<objectids-entry key="Default zone¤P1_Opencart_NewAccountCreation¤Opencart_NewAccountCreation" objectid="31" type="ACTION" value="9c2b6084-c006-4811-b8a2-2f537c81e4d8"/>
<objectids-entry key="Default zone¤P1_Opencart_NewAccountCreation¤Opencart_NewAccountCreation" objectid="32" type="ACTION" value="45ed55a9-c01a-4c73-9a43-deb80824cbb7"/>
<objectids-entry key="Default zone¤P1_Opencart_NewAccountCreation¤Opencart_NewAccountCreation" objectid="33" type="ACTION" value="9fd4af17-6f98-435b-8a8a-2ffabff45bcf"/>
<objectids-entry key="Default zone¤P1_Opencart_NewAccountCreation¤Opencart_NewAccountCreation" objectid="34" type="ACTION" value="3e85dffb-f506-4a99-856e-f3d699103fd0"/>
<objectids-entry key="Default zone¤P1_Opencart_NewAccountCreation¤Opencart_NewAccountCreation" objectid="35" type="ACTION" value="cda4277c-2ae9-490d-ae81-5319c6279327"/>
<objectids-entry key="Default zone¤P1_Opencart_NewAccountCreation¤Opencart_NewAccountCreation" objectid="36" type="ACTION" value="8fc10e30-c50b-4c31-85e2-70c0e43a2e28"/>
<objectids-entry key="Default zone¤P1_Opencart_NewAccountCreation¤Opencart_NewAccountCreation" objectid="37" type="ACTION" value="2fe44bde-abeb-42ce-9821-3029ab9c1b7a"/>
<objectids-entry key="Default zone¤P1_Opencart_NewAccountCreation¤Opencart_NewAccountCreation" objectid="38" type="HTTP_PAGE" value="db131162-fefd-4890-99e4-a3d754ba3cae"/>
<objectids-entry key="Default zone¤P1_Opencart_NewAccountCreation¤Opencart_NewAccountCreation" objectid="39" type="ACTION" value="1a1765f8-c877-4628-acc1-01196af4cc73"/>
<objectids-entry key="Default zone¤P1_Opencart_NewAccountCreation¤Opencart_NewAccountCreation" objectid="40" type="ACTION" value="bb011dd7-fef0-41c8-ae00-1de0e7aaf52b"/>
<objectids-entry key="Default zone¤P1_Opencart_NewAccountCreation¤Opencart_NewAccountCreation" objectid="41" type="DELAY" value="42ccfe16-4290-4fc0-9f3a-586835d5da6c"/>
<objectids-entry key="Default zone¤P1_Opencart_NewAccountCreation¤Opencart_NewAccountCreation" objectid="42" type="BASIC_LOGICAL_CONTAINER" value="632f7126-4d53-4a39-b74c-c267529a0aa8"/>
<objectids-entry key="Default zone¤P1_Opencart_NewAccountCreation¤Opencart_NewAccountCreation" objectid="43" type="HTTP_PAGE" value="0c94b152-deff-4905-a9c2-105d49a36ea0"/>
<objectids-entry key="Default zone¤P1_Opencart_NewAccountCreation¤Opencart_NewAccountCreation" objectid="44" type="ACTION" value="08e94aa5-78ee-4a11-9ea5-45e97cc63abe"/>
<objectids-entry key="Default zone¤P1_Opencart_NewAccountCreation¤Opencart_NewAccountCreation" objectid="45" type="ACTION" value="5fe0dafa-fa78-4245-b2e6-1a0f8644187b"/>
<objectids-entry key="Default zone¤P1_Opencart_NewAccountCreation¤Opencart_NewAccountCreation" objectid="46" type="ACTION" value="cad9035a-8534-4ca2-a246-f9749524d7e4"/>
<objectids-entry key="Default zone¤P1_Opencart_NewAccountCreation¤Opencart_NewAccountCreation" objectid="47" type="ACTION" value="1b3825a4-120a-46de-9bf3-2b572f5318e6"/>
<objectids-entry key="Default zone¤P1_Opencart_NewAccountCreation¤Opencart_NewAccountCreation" objectid="48" type="ACTION" value="ca0faf1c-34df-487d-a197-cf43f3ebf228"/>
<objectids-entry key="Default zone¤P1_Opencart_NewAccountCreation¤Opencart_NewAccountCreation" objectid="49" type="ACTION" value="12cd075f-294b-44a3-ac1f-30ef9c85869a"/>
<objectids-entry key="Default zone¤P1_Opencart_NewAccountCreation¤Opencart_NewAccountCreation" objectid="50" type="HTTP_PAGE" value="47cfb419-00a5-441f-b5d4-e65dfe921964"/>
<objectids-entry key="Default zone¤P1_Opencart_NewAccountCreation¤Opencart_NewAccountCreation" objectid="51" type="ACTION" value="658cd226-0d57-43e1-bb2e-ee54a7f171d1"/>
<objectids-entry key="Default zone¤P1_Opencart_NewAccountCreation¤Opencart_NewAccountCreation" objectid="52" type="HTTP_PAGE" value="16674f52-8bb9-41e1-942b-35d3463b2d80"/>
<objectids-entry key="Default zone¤P1_Opencart_NewAccountCreation¤Opencart_NewAccountCreation" objectid="53" type="ACTION" value="416f3de4-2491-4700-ad11-7fdacc7f8a3c"/>
<objectids-entry key="Default zone¤P1_Opencart_NewAccountCreation¤Opencart_NewAccountCreation" objectid="54" type="ACTION" value="2df211f4-9afe-4fbd-82fb-f2ea343046d9"/>
<objectids-entry key="Default zone¤P1_Opencart_NewAccountCreation¤Opencart_NewAccountCreation" objectid="55" type="HTTP_PAGE" value="3d44d41d-d856-4494-9fc9-52d8b64e37ba"/>
<objectids-entry key="Default zone¤P1_Opencart_NewAccountCreation¤Opencart_NewAccountCreation" objectid="56" type="ACTION" value="8be95f85-acc3-41c8-95df-ecd0aa85bc21"/>
<objectids-entry key="Default zone¤P1_Opencart_NewAccountCreation¤Opencart_NewAccountCreation" objectid="57" type="DELAY" value="5703aed8-a278-4c25-8d3c-ef018c004acc"/>
<objectids-entry key="Default zone¤P1_Opencart_NewAccountCreation¤Opencart_NewAccountCreation" objectid="58" type="BASIC_LOGICAL_CONTAINER" value="23b1d4a3-3b9d-4cc7-af87-78534025ecde"/>
<objectids-entry key="Default zone¤P1_Opencart_NewAccountCreation¤Opencart_NewAccountCreation" objectid="59" type="HTTP_PAGE" value="2d16aa97-f363-4307-80c0-ed6aace784d4"/>
<objectids-entry key="Default zone¤P1_Opencart_NewAccountCreation¤Opencart_NewAccountCreation" objectid="60" type="ACTION" value="139e5e2f-95db-4616-b546-370d22cc5893"/>
<objectids-entry key="Default zone¤P1_Opencart_NewAccountCreation¤Opencart_NewAccountCreation" objectid="61" type="ACTION" value="87a0420d-81dc-4530-9b4c-a77a0fb9b61c"/>
<objectids-entry key="Default zone¤P1_Opencart_NewAccountCreation¤Opencart_NewAccountCreation" objectid="62" type="HTTP_PAGE" value="ad05b6e1-ca48-4d80-8a8d-e6c9d55482ca"/>
<objectids-entry key="Default zone¤P1_Opencart_NewAccountCreation¤Opencart_NewAccountCreation" objectid="63" type="ACTION" value="892305d4-41f0-460f-a8fe-c1d1712cc6da"/>
<objectids-entry key="Default zone¤P1_Opencart_NewAccountCreation¤Opencart_NewAccountCreation" objectid="64" type="DELAY" value="f32e03e6-eabe-43ef-82cd-400322f64e71"/>
<objectids-entry key="Default zone¤P1_Opencart_NewAccountCreation¤Opencart_NewAccountCreation" objectid="65" type="BASIC_LOGICAL_CONTAINER" value="$parent=Opencart_NewAccountCreation;$index=2"/>
<objectids-entry key="Default zone¤P1_Opencart_AddProductToCart¤" objectid="66" type="POPULATION" value="P1_Opencart_AddProductToCart"/>
<objectids-entry key="Default zone¤P1_Opencart_AddProductToCart¤Opencart_AddProductToCart" objectid="67" type="VIRTUAL_USER" value="Opencart_AddProductToCart"/>
<objectids-entry key="Default zone¤P1_Opencart_AddProductToCart¤Opencart_AddProductToCart" objectid="68" type="BASIC_LOGICAL_CONTAINER" value="$parent=Opencart_AddProductToCart;$index=0"/>
<objectids-entry key="Default zone¤P1_Opencart_AddProductToCart¤Opencart_AddProductToCart" objectid="69" type="BASIC_LOGICAL_CONTAINER" value="a4427113-246a-4d2e-9645-886947a2359a"/>
<objectids-entry key="Default zone¤P1_Opencart_AddProductToCart¤Opencart_AddProductToCart" objectid="70" type="HTTP_PAGE" value="6851cd1d-e43d-4773-b5e4-a0bd319cb668"/>
<objectids-entry key="Default zone¤P1_Opencart_AddProductToCart¤Opencart_AddProductToCart" objectid="71" type="ACTION" value="7335387a-a917-45b2-a615-86bb41d4fbd8"/>
<objectids-entry key="Default zone¤P1_Opencart_AddProductToCart¤Opencart_AddProductToCart" objectid="72" type="ACTION" value="d9cff7ea-7b89-4474-8527-6890d22c4a76"/>
<objectids-entry key="Default zone¤P1_Opencart_AddProductToCart¤Opencart_AddProductToCart" objectid="73" type="ACTION" value="1cf34d7e-b542-423e-affe-0ca9dd304805"/>
<objectids-entry key="Default zone¤P1_Opencart_AddProductToCart¤Opencart_AddProductToCart" objectid="74" type="ACTION" value="5cda71cc-7d1e-407a-9a88-34f5f91b36b9"/>
<objectids-entry key="Default zone¤P1_Opencart_AddProductToCart¤Opencart_AddProductToCart" objectid="75" type="ACTION" value="c63fda58-8676-43de-9726-23b3e0740546"/>
<objectids-entry key="Default zone¤P1_Opencart_AddProductToCart¤Opencart_AddProductToCart" objectid="76" type="ACTION" value="7c14bd44-60bf-4a1b-a913-4b5cadec0ee4"/>
<objectids-entry key="Default zone¤P1_Opencart_AddProductToCart¤Opencart_AddProductToCart" objectid="77" type="ACTION" value="b95b7334-4bc1-4811-a36b-999537a9a66b"/>
<objectids-entry key="Default zone¤P1_Opencart_AddProductToCart¤Opencart_AddProductToCart" objectid="78" type="ACTION" value="e8f51b4f-c9a7-4a11-a7af-dbeb7c5c4212"/>
<objectids-entry key="Default zone¤P1_Opencart_AddProductToCart¤Opencart_AddProductToCart" objectid="79" type="ACTION" value="463865a1-cc50-466c-9e23-8a60dfc8745f"/>
<objectids-entry key="Default zone¤P1_Opencart_AddProductToCart¤Opencart_AddProductToCart" objectid="80" type="ACTION" value="6adca0a3-ae56-4961-9ec6-e5c94252ea90"/>
<objectids-entry key="Default zone¤P1_Opencart_AddProductToCart¤Opencart_AddProductToCart" objectid="81" type="ACTION" value="73c200db-f73a-44e2-972f-55066c61b406"/>
<objectids-entry key="Default zone¤P1_Opencart_AddProductToCart¤Opencart_AddProductToCart" objectid="82" type="ACTION" value="f5176e97-54dc-4b88-be89-7c3ba7eb01eb"/>
<objectids-entry key="Default zone¤P1_Opencart_AddProductToCart¤Opencart_AddProductToCart" objectid="83" type="HTTP_PAGE" value="bfa89485-f91e-4c79-b24f-c32cf560f41a"/>
<objectids-entry key="Default zone¤P1_Opencart_AddProductToCart¤Opencart_AddProductToCart" objectid="84" type="ACTION" value="bd1f2415-03d1-4847-950a-67194d605726"/>
<objectids-entry key="Default zone¤P1_Opencart_AddProductToCart¤Opencart_AddProductToCart" objectid="85" type="ACTION" value="45f5e426-15a4-4bca-8439-38b711219aa7"/>
<objectids-entry key="Default zone¤P1_Opencart_AddProductToCart¤Opencart_AddProductToCart" objectid="86" type="ACTION" value="8fe013d8-46a5-49e1-9ff4-08a03cc64233"/>
<objectids-entry key="Default zone¤P1_Opencart_AddProductToCart¤Opencart_AddProductToCart" objectid="87" type="ACTION" value="d0cdf4eb-9b59-4951-bcec-1b0fdbf40af0"/>
<objectids-entry key="Default zone¤P1_Opencart_AddProductToCart¤Opencart_AddProductToCart" objectid="88" type="ACTION" value="df4c15a2-179a-4aff-880b-b318ad00258d"/>
<objectids-entry key="Default zone¤P1_Opencart_AddProductToCart¤Opencart_AddProductToCart" objectid="89" type="ACTION" value="1b79d6bd-9f42-4459-9775-a02326fdce9b"/>
<objectids-entry key="Default zone¤P1_Opencart_AddProductToCart¤Opencart_AddProductToCart" objectid="90" type="ACTION" value="55c490b7-49bc-4c63-ae84-d439ca53de7c"/>
<objectids-entry key="Default zone¤P1_Opencart_AddProductToCart¤Opencart_AddProductToCart" objectid="91" type="ACTION" value="7cd71c0f-00c3-4ec2-9355-836f5abfea53"/>
<objectids-entry key="Default zone¤P1_Opencart_AddProductToCart¤Opencart_AddProductToCart" objectid="92" type="ACTION" value="de66e10d-1979-44f9-91f5-1ca0c1b6ae59"/>
<objectids-entry key="Default zone¤P1_Opencart_AddProductToCart¤Opencart_AddProductToCart" objectid="93" type="ACTION" value="c54294e1-8b56-4f18-8519-b8e2c493500c"/>
<objectids-entry key="Default zone¤P1_Opencart_AddProductToCart¤Opencart_AddProductToCart" objectid="94" type="ACTION" value="d21da06b-22fa-4a5d-aa26-d23e7c3fd50b"/>
<objectids-entry key="Default zone¤P1_Opencart_AddProductToCart¤Opencart_AddProductToCart" objectid="95" type="ACTION" value="938d74b6-8f1c-432c-826e-ae82cc3cec85"/>
<objectids-entry key="Default zone¤P1_Opencart_AddProductToCart¤Opencart_AddProductToCart" objectid="96" type="ACTION" value="738242fd-0d97-4d71-8099-5e78321dacfa"/>
<objectids-entry key="Default zone¤P1_Opencart_AddProductToCart¤Opencart_AddProductToCart" objectid="97" type="ACTION" value="d75e7fc4-18ce-4416-a493-f1acec4702e9"/>
<objectids-entry key="Default zone¤P1_Opencart_AddProductToCart¤Opencart_AddProductToCart" objectid="98" type="ACTION" value="5b4ea356-6ecb-4b71-80ae-57dd2c0bf8bd"/>
<objectids-entry key="Default zone¤P1_Opencart_AddProductToCart¤Opencart_AddProductToCart" objectid="99" type="ACTION" value="256a1fe1-39a5-47b6-898c-89dd58da8d0f"/>
<objectids-entry key="Default zone¤P1_Opencart_AddProductToCart¤Opencart_AddProductToCart" objectid="100" type="ACTION" value="34a8f239-23a0-4c30-9fd9-4259a004b459"/>
<objectids-entry key="Default zone¤P1_Opencart_AddProductToCart¤Opencart_AddProductToCart" objectid="101" type="HTTP_PAGE" value="75ca5e65-efdc-4968-9fa1-cf182942e0be"/>
<objectids-entry key="Default zone¤P1_Opencart_AddProductToCart¤Opencart_AddProductToCart" objectid="102" type="ACTION" value="367161cc-f4a5-464b-b16a-ad0e99417eba"/>
<objectids-entry key="Default zone¤P1_Opencart_AddProductToCart¤Opencart_AddProductToCart" objectid="103" type="DELAY" value="e168c62a-0ede-4d0b-84ab-587edbcd6175"/>
<objectids-entry key="Default zone¤P1_Opencart_AddProductToCart¤Opencart_AddProductToCart" objectid="104" type="BASIC_LOGICAL_CONTAINER" value="b357eb67-3660-4b92-9e6e-238577561bdf"/>
<objectids-entry key="Default zone¤P1_Opencart_AddProductToCart¤Opencart_AddProductToCart" objectid="105" type="HTTP_PAGE" value="c232fa92-8717-49c1-adc0-0aa68f83a691"/>
<objectids-entry key="Default zone¤P1_Opencart_AddProductToCart¤Opencart_AddProductToCart" objectid="106" type="ACTION" value="f6d65eab-8903-4416-97cc-b776a723e238"/>
<objectids-entry key="Default zone¤P1_Opencart_AddProductToCart¤Opencart_AddProductToCart" objectid="107" type="HTTP_PAGE" value="833307e3-02b5-4a25-a243-1043c627cb4a"/>
<objectids-entry key="Default zone¤P1_Opencart_AddProductToCart¤Opencart_AddProductToCart" objectid="108" type="ACTION" value="c8cfe904-0343-4c69-b4c7-0f6c033f3106"/>
<objectids-entry key="Default zone¤P1_Opencart_AddProductToCart¤Opencart_AddProductToCart" objectid="109" type="HTTP_PAGE" value="ad348845-46fb-441a-8c1e-67e10a550168"/>
<objectids-entry key="Default zone¤P1_Opencart_AddProductToCart¤Opencart_AddProductToCart" objectid="110" type="ACTION" value="cc55bc6b-aa28-46c4-8967-702264653e8a"/>
<objectids-entry key="Default zone¤P1_Opencart_AddProductToCart¤Opencart_AddProductToCart" objectid="111" type="ACTION" value="6af9cb98-f06f-4644-adff-450931128edc"/>
<objectids-entry key="Default zone¤P1_Opencart_AddProductToCart¤Opencart_AddProductToCart" objectid="112" type="HTTP_PAGE" value="422c8bda-1e21-4af6-80dc-d61b7b99f66e"/>
<objectids-entry key="Default zone¤P1_Opencart_AddProductToCart¤Opencart_AddProductToCart" objectid="113" type="ACTION" value="f1c5c916-1993-4445-9451-0ae53b91a8cc"/>
<objectids-entry key="Default zone¤P1_Opencart_AddProductToCart¤Opencart_AddProductToCart" objectid="114" type="DELAY" value="eac37a68-76db-4c51-af23-8a90e2f8f8ea"/>
<objectids-entry key="Default zone¤P1_Opencart_AddProductToCart¤Opencart_AddProductToCart" objectid="115" type="BASIC_LOGICAL_CONTAINER" value="$parent=Opencart_AddProductToCart;$index=1"/>
<objectids-entry key="Default zone¤P1_Opencart_AddProductToCart¤Opencart_AddProductToCart" objectid="116" type="BASIC_LOGICAL_CONTAINER" value="fcb607ad-38e1-4f83-8642-2d961ba90412"/>
<objectids-entry key="Default zone¤P1_Opencart_AddProductToCart¤Opencart_AddProductToCart" objectid="117" type="HTTP_PAGE" value="e5ec3b4b-3a03-446a-a352-c63c5356e599"/>
<objectids-entry key="Default zone¤P1_Opencart_AddProductToCart¤Opencart_AddProductToCart" objectid="118" type="ACTION" value="c8215393-97a7-4df4-b3d4-759fc649210d"/>
<objectids-entry key="Default zone¤P1_Opencart_AddProductToCart¤Opencart_AddProductToCart" objectid="119" type="HTTP_PAGE" value="75ae41ea-f8da-4804-b933-fc22168ef04e"/>
<objectids-entry key="Default zone¤P1_Opencart_AddProductToCart¤Opencart_AddProductToCart" objectid="120" type="ACTION" value="c210c5fa-afb7-46aa-8919-8e1bbf738c6e"/>
<objectids-entry key="Default zone¤P1_Opencart_AddProductToCart¤Opencart_AddProductToCart" objectid="121" type="HTTP_PAGE" value="87165ef2-54d9-4b14-8905-0f1494b88321"/>
<objectids-entry key="Default zone¤P1_Opencart_AddProductToCart¤Opencart_AddProductToCart" objectid="122" type="ACTION" value="065f2835-c89b-4cd5-ac43-d6c879002f8b"/>
<objectids-entry key="Default zone¤P1_Opencart_AddProductToCart¤Opencart_AddProductToCart" objectid="123" type="HTTP_PAGE" value="5b7372aa-266d-4d9c-b092-54117c78b0dc"/>
<objectids-entry key="Default zone¤P1_Opencart_AddProductToCart¤Opencart_AddProductToCart" objectid="124" type="ACTION" value="06debdd3-e56b-4310-862b-d60fcefeb863"/>
<objectids-entry key="Default zone¤P1_Opencart_AddProductToCart¤Opencart_AddProductToCart" objectid="125" type="DELAY" value="9e15cf2a-3ccd-4781-beea-08e0b1fbeb96"/>
<objectids-entry key="Default zone¤P1_Opencart_AddProductToCart¤Opencart_AddProductToCart" objectid="126" type="BASIC_LOGICAL_CONTAINER" value="d9a358d6-c44d-478e-90c5-fa9afd1c3850"/>
<objectids-entry key="Default zone¤P1_Opencart_AddProductToCart¤Opencart_AddProductToCart" objectid="127" type="HTTP_PAGE" value="eb29355c-115c-437a-bc4a-e6d4a71e169a"/>
<objectids-entry key="Default zone¤P1_Opencart_AddProductToCart¤Opencart_AddProductToCart" objectid="128" type="ACTION" value="1b408137-2cc4-49a6-b0f9-3fa29009d4e1"/>
<objectids-entry key="Default zone¤P1_Opencart_AddProductToCart¤Opencart_AddProductToCart" objectid="129" type="ACTION" value="5861db74-d137-460b-ae38-f3b45558514c"/>
<objectids-entry key="Default zone¤P1_Opencart_AddProductToCart¤Opencart_AddProductToCart" objectid="130" type="HTTP_PAGE" value="6861a7ce-27a6-4f3a-bf73-c4b76122891e"/>
<objectids-entry key="Default zone¤P1_Opencart_AddProductToCart¤Opencart_AddProductToCart" objectid="131" type="ACTION" value="c275efec-7011-4b67-af04-121200b40f85"/>
<objectids-entry key="Default zone¤P1_Opencart_AddProductToCart¤Opencart_AddProductToCart" objectid="132" type="DELAY" value="645b131c-0375-4a0f-a934-dd84e6b4ed33"/>
<objectids-entry key="Default zone¤P1_Opencart_AddProductToCart¤Opencart_AddProductToCart" objectid="133" type="BASIC_LOGICAL_CONTAINER" value="$parent=Opencart_AddProductToCart;$index=2"/>
<objectids-entry key="Default zone¤P1_Opencart_AddProductToCart¤Opencart_AddProductToCart" objectid="134" type="BASIC_LOGICAL_CONTAINER" value="d0be97be-c0f2-40f5-a899-19ef5beffa52"/>
<objectids-entry key="Default zone¤P1_Opencart_AddProductToCart¤Opencart_AddProductToCart" objectid="135" type="HTTP_PAGE" value="49b90e32-4463-4caf-b815-2f1cd647ebfb"/>
<objectids-entry key="Default zone¤P1_Opencart_AddProductToCart¤Opencart_AddProductToCart" objectid="136" type="ACTION" value="a480d652-8443-487e-b51f-73c113e9acf1"/>
<objectids-entry key="Default zone¤P1_Opencart_AddProductToCart¤Opencart_AddProductToCart" objectid="137" type="ACTION" value="9c223423-5165-4c22-bdb2-d15d9edd2c3c"/>
<objectids-entry key="Default zone¤P1_Opencart_AddProductToCart¤Opencart_AddProductToCart" objectid="138" type="HTTP_PAGE" value="932674ce-3346-4936-971f-486161b6fd7b"/>
<objectids-entry key="Default zone¤P1_Opencart_AddProductToCart¤Opencart_AddProductToCart" objectid="139" type="ACTION" value="6bc86487-491e-4f7c-8285-af5c344483e1"/>
<objectids-entry key="Default zone¤P1_Opencart_AddProductToCart¤Opencart_AddProductToCart" objectid="140" type="DELAY" value="372c3d67-89fa-474e-8431-e7091ee6f36a"/>
<objectids-entry key="Default zone¤P1_Opencart_AddItemToWishList¤" objectid="141" type="POPULATION" value="P1_Opencart_AddItemToWishList"/>
<objectids-entry key="Default zone¤P1_Opencart_AddItemToWishList¤Opencart_AddItemToWishList" objectid="142" type="VIRTUAL_USER" value="Opencart_AddItemToWishList"/>
<objectids-entry key="Default zone¤P1_Opencart_AddItemToWishList¤Opencart_AddItemToWishList" objectid="143" type="BASIC_LOGICAL_CONTAINER" value="$parent=Opencart_AddItemToWishList;$index=0"/>
<objectids-entry key="Default zone¤P1_Opencart_AddItemToWishList¤Opencart_AddItemToWishList" objectid="144" type="BASIC_LOGICAL_CONTAINER" value="cf5655bf-d9fb-43ad-b140-e703bfecb12c"/>
<objectids-entry key="Default zone¤P1_Opencart_AddItemToWishList¤Opencart_AddItemToWishList" objectid="145" type="HTTP_PAGE" value="924c138a-f932-4255-be9f-2709f2d0fdf8"/>
<objectids-entry key="Default zone¤P1_Opencart_AddItemToWishList¤Opencart_AddItemToWishList" objectid="146" type="ACTION" value="24ab56e2-f4a4-4c74-92a3-69ca004aa0eb"/>
<objectids-entry key="Default zone¤P1_Opencart_AddItemToWishList¤Opencart_AddItemToWishList" objectid="147" type="ACTION" value="b0cdad51-199d-4b6e-aa14-34ece4fec545"/>
<objectids-entry key="Default zone¤P1_Opencart_AddItemToWishList¤Opencart_AddItemToWishList" objectid="148" type="ACTION" value="fc5ce6a9-db61-4c9e-af28-d81bc6595b31"/>
<objectids-entry key="Default zone¤P1_Opencart_AddItemToWishList¤Opencart_AddItemToWishList" objectid="149" type="ACTION" value="a1c92a62-782a-463d-9afb-c0e984986475"/>
<objectids-entry key="Default zone¤P1_Opencart_AddItemToWishList¤Opencart_AddItemToWishList" objectid="150" type="ACTION" value="925a1ab7-b67e-4412-b560-c701c0fe775e"/>
<objectids-entry key="Default zone¤P1_Opencart_AddItemToWishList¤Opencart_AddItemToWishList" objectid="151" type="ACTION" value="766031f9-7b9a-486a-872c-4f1c36709f53"/>
<objectids-entry key="Default zone¤P1_Opencart_AddItemToWishList¤Opencart_AddItemToWishList" objectid="152" type="ACTION" value="a6c848c4-afd7-4f15-be55-eb2ced13bdfd"/>
<objectids-entry key="Default zone¤P1_Opencart_AddItemToWishList¤Opencart_AddItemToWishList" objectid="153" type="ACTION" value="396b27cc-320a-4f85-a7c4-d731cd8d385b"/>
<objectids-entry key="Default zone¤P1_Opencart_AddItemToWishList¤Opencart_AddItemToWishList" objectid="154" type="ACTION" value="8481e249-95c4-4931-9b6d-18106bb77229"/>
<objectids-entry key="Default zone¤P1_Opencart_AddItemToWishList¤Opencart_AddItemToWishList" objectid="155" type="ACTION" value="aff17553-d555-4f1d-8496-9e62ff03466f"/>
<objectids-entry key="Default zone¤P1_Opencart_AddItemToWishList¤Opencart_AddItemToWishList" objectid="156" type="ACTION" value="f98453c9-9a0c-4cf0-91ea-09e10c72ce25"/>
<objectids-entry key="Default zone¤P1_Opencart_AddItemToWishList¤Opencart_AddItemToWishList" objectid="157" type="ACTION" value="79729f35-923b-41d8-8930-b80965bffd1f"/>
<objectids-entry key="Default zone¤P1_Opencart_AddItemToWishList¤Opencart_AddItemToWishList" objectid="158" type="ACTION" value="638934a7-1863-409f-bd12-26f23d68dce5"/>
<objectids-entry key="Default zone¤P1_Opencart_AddItemToWishList¤Opencart_AddItemToWishList" objectid="159" type="ACTION" value="7407c760-7225-43b5-97e0-93f9b0d0b14a"/>
<objectids-entry key="Default zone¤P1_Opencart_AddItemToWishList¤Opencart_AddItemToWishList" objectid="160" type="ACTION" value="1f2f04ac-029d-42bb-8bc3-5faf6878e4ee"/>
<objectids-entry key="Default zone¤P1_Opencart_AddItemToWishList¤Opencart_AddItemToWishList" objectid="161" type="HTTP_PAGE" value="637fe3f7-2606-41dd-bb07-9ab8536ad4c4"/>
<objectids-entry key="Default zone¤P1_Opencart_AddItemToWishList¤Opencart_AddItemToWishList" objectid="162" type="ACTION" value="714f4b0b-ab99-4d51-8e3c-4185e27f4c00"/>
<objectids-entry key="Default zone¤P1_Opencart_AddItemToWishList¤Opencart_AddItemToWishList" objectid="163" type="ACTION" value="b9d575b1-d13a-428b-bf35-e3dbd0d36a49"/>
<objectids-entry key="Default zone¤P1_Opencart_AddItemToWishList¤Opencart_AddItemToWishList" objectid="164" type="ACTION" value="cd33f531-1162-44c8-9b33-34cc9ea3f3fc"/>
<objectids-entry key="Default zone¤P1_Opencart_AddItemToWishList¤Opencart_AddItemToWishList" objectid="165" type="ACTION" value="9a16031b-f2ec-4c5c-9df6-358426d3faf6"/>
<objectids-entry key="Default zone¤P1_Opencart_AddItemToWishList¤Opencart_AddItemToWishList" objectid="166" type="ACTION" value="556780d8-58a7-4c99-a066-ba190c739536"/>
<objectids-entry key="Default zone¤P1_Opencart_AddItemToWishList¤Opencart_AddItemToWishList" objectid="167" type="ACTION" value="e598f248-38ae-40e5-a6f3-e34ae7f7975a"/>
<objectids-entry key="Default zone¤P1_Opencart_AddItemToWishList¤Opencart_AddItemToWishList" objectid="168" type="ACTION" value="8d377e59-6311-49a7-9c7b-edc8b84e2709"/>
<objectids-entry key="Default zone¤P1_Opencart_AddItemToWishList¤Opencart_AddItemToWishList" objectid="169" type="ACTION" value="791689ac-76a0-4397-a647-86485b957f7e"/>
<objectids-entry key="Default zone¤P1_Opencart_AddItemToWishList¤Opencart_AddItemToWishList" objectid="170" type="ACTION" value="997d7b27-5fcd-463b-be0b-44cf50bad41b"/>
<objectids-entry key="Default zone¤P1_Opencart_AddItemToWishList¤Opencart_AddItemToWishList" objectid="171" type="ACTION" value="21d454f3-205d-44af-8587-ffa2b756e78e"/>
<objectids-entry key="Default zone¤P1_Opencart_AddItemToWishList¤Opencart_AddItemToWishList" objectid="172" type="ACTION" value="0710b041-2d63-4e39-9989-a10b20ca9dc1"/>
<objectids-entry key="Default zone¤P1_Opencart_AddItemToWishList¤Opencart_AddItemToWishList" objectid="173" type="ACTION" value="45f52a12-b329-4b2c-9f9c-116f0232c61c"/>
<objectids-entry key="Default zone¤P1_Opencart_AddItemToWishList¤Opencart_AddItemToWishList" objectid="174" type="ACTION" value="0877c796-fb11-4d80-bfa7-65b3d906b44c"/>
<objectids-entry key="Default zone¤P1_Opencart_AddItemToWishList¤Opencart_AddItemToWishList" objectid="175" type="ACTION" value="8e79ad4a-ce99-41b2-8163-86866dd84f2a"/>
<objectids-entry key="Default zone¤P1_Opencart_AddItemToWishList¤Opencart_AddItemToWishList" objectid="176" type="HTTP_PAGE" value="4d7359e1-0098-40e7-ba02-d07ac1c9fc28"/>
<objectids-entry key="Default zone¤P1_Opencart_AddItemToWishList¤Opencart_AddItemToWishList" objectid="177" type="ACTION" value="36ae0f86-4772-4e0b-9caa-e58cf43c1246"/>
<objectids-entry key="Default zone¤P1_Opencart_AddItemToWishList¤Opencart_AddItemToWishList" objectid="178" type="DELAY" value="bbb81ccf-fff6-4c37-be1f-605fb061885b"/>
<objectids-entry key="Default zone¤P1_Opencart_AddItemToWishList¤Opencart_AddItemToWishList" objectid="179" type="BASIC_LOGICAL_CONTAINER" value="23db30ca-d0bf-4c53-a0e0-13cabcb7eb86"/>
<objectids-entry key="Default zone¤P1_Opencart_AddItemToWishList¤Opencart_AddItemToWishList" objectid="180" type="HTTP_PAGE" value="9b818f25-bc97-4ab9-a36e-cadad780b8d6"/>
<objectids-entry key="Default zone¤P1_Opencart_AddItemToWishList¤Opencart_AddItemToWishList" objectid="181" type="ACTION" value="04369b2f-cf59-4cf2-a927-1e9abdf96942"/>
<objectids-entry key="Default zone¤P1_Opencart_AddItemToWishList¤Opencart_AddItemToWishList" objectid="182" type="HTTP_PAGE" value="14eebef8-844d-4c3c-98ad-2543dfa9c19f"/>
<objectids-entry key="Default zone¤P1_Opencart_AddItemToWishList¤Opencart_AddItemToWishList" objectid="183" type="ACTION" value="aeb2de2c-a006-4d31-9b83-b05201065ad7"/>
<objectids-entry key="Default zone¤P1_Opencart_AddItemToWishList¤Opencart_AddItemToWishList" objectid="184" type="HTTP_PAGE" value="6db1f186-f7b6-4267-bc67-9b3ccbb78c4c"/>
<objectids-entry key="Default zone¤P1_Opencart_AddItemToWishList¤Opencart_AddItemToWishList" objectid="185" type="ACTION" value="f0911f0c-ceec-4b39-9591-092a04979bec"/>
<objectids-entry key="Default zone¤P1_Opencart_AddItemToWishList¤Opencart_AddItemToWishList" objectid="186" type="ACTION" value="7f3f1369-7d33-4a97-bee5-eeaaf9705a56"/>
<objectids-entry key="Default zone¤P1_Opencart_AddItemToWishList¤Opencart_AddItemToWishList" objectid="187" type="ACTION" value="8fab9878-a4f7-400b-84fb-ee7f3d862410"/>
<objectids-entry key="Default zone¤P1_Opencart_AddItemToWishList¤Opencart_AddItemToWishList" objectid="188" type="HTTP_PAGE" value="60b1a88d-68cc-4df5-a550-70a57dcc6e30"/>
<objectids-entry key="Default zone¤P1_Opencart_AddItemToWishList¤Opencart_AddItemToWishList" objectid="189" type="ACTION" value="b9723e9b-45aa-43bf-8525-bd0c82f7773a"/>
<objectids-entry key="Default zone¤P1_Opencart_AddItemToWishList¤Opencart_AddItemToWishList" objectid="190" type="DELAY" value="ada01ce3-0ec5-4d8a-9220-3f47b80c835a"/>
<objectids-entry key="Default zone¤P1_Opencart_AddItemToWishList¤Opencart_AddItemToWishList" objectid="191" type="BASIC_LOGICAL_CONTAINER" value="$parent=Opencart_AddItemToWishList;$index=1"/>
<objectids-entry key="Default zone¤P1_Opencart_AddItemToWishList¤Opencart_AddItemToWishList" objectid="192" type="BASIC_LOGICAL_CONTAINER" value="c516649d-a9b7-4562-9ac0-67b23fe0d061"/>
<objectids-entry key="Default zone¤P1_Opencart_AddItemToWishList¤Opencart_AddItemToWishList" objectid="193" type="HTTP_PAGE" value="8196b916-8252-4a95-9989-6ce4d88da790"/>
<objectids-entry key="Default zone¤P1_Opencart_AddItemToWishList¤Opencart_AddItemToWishList" objectid="194" type="ACTION" value="4903cfe5-4d22-486f-b13a-f5a35b22fc3d"/>
<objectids-entry key="Default zone¤P1_Opencart_AddItemToWishList¤Opencart_AddItemToWishList" objectid="195" type="ACTION" value="d1231237-7f80-4a43-8690-80451e864791"/>
<objectids-entry key="Default zone¤P1_Opencart_AddItemToWishList¤Opencart_AddItemToWishList" objectid="196" type="ACTION" value="4c3617e0-fae4-45f3-867e-4acef9668517"/>
<objectids-entry key="Default zone¤P1_Opencart_AddItemToWishList¤Opencart_AddItemToWishList" objectid="197" type="ACTION" value="d883f8e3-7d05-4cf3-a484-04d8bd16a590"/>
<objectids-entry key="Default zone¤P1_Opencart_AddItemToWishList¤Opencart_AddItemToWishList" objectid="198" type="HTTP_PAGE" value="04ee3173-d26f-40ca-ba33-6947e54faea2"/>
<objectids-entry key="Default zone¤P1_Opencart_AddItemToWishList¤Opencart_AddItemToWishList" objectid="199" type="ACTION" value="3ee6ace5-0dd6-4de3-a36a-f18e23e11cbc"/>
<objectids-entry key="Default zone¤P1_Opencart_AddItemToWishList¤Opencart_AddItemToWishList" objectid="200" type="HTTP_PAGE" value="84234347-eedb-4dbf-b525-27096246048a"/>
<objectids-entry key="Default zone¤P1_Opencart_AddItemToWishList¤Opencart_AddItemToWishList" objectid="201" type="ACTION" value="a57dea71-6437-4b64-8be7-36215c4d5b3c"/>
<objectids-entry key="Default zone¤P1_Opencart_AddItemToWishList¤Opencart_AddItemToWishList" objectid="202" type="HTTP_PAGE" value="e767a048-627a-4cf3-964d-9b0a4dcb6619"/>
<objectids-entry key="Default zone¤P1_Opencart_AddItemToWishList¤Opencart_AddItemToWishList" objectid="203" type="ACTION" value="f56d3a29-5cc9-48c6-a62e-5be44e8a9d8a"/>
<objectids-entry key="Default zone¤P1_Opencart_AddItemToWishList¤Opencart_AddItemToWishList" objectid="204" type="ACTION" value="d9811830-de34-4a33-8f0f-f73b18d812a9"/>
<objectids-entry key="Default zone¤P1_Opencart_AddItemToWishList¤Opencart_AddItemToWishList" objectid="205" type="HTTP_PAGE" value="3050f858-9b7b-44ef-9b03-ccdfe13b1969"/>
<objectids-entry key="Default zone¤P1_Opencart_AddItemToWishList¤Opencart_AddItemToWishList" objectid="206" type="ACTION" value="649bb8af-f05c-47ab-aaea-d82ca785f3fe"/>
<objectids-entry key="Default zone¤P1_Opencart_AddItemToWishList¤Opencart_AddItemToWishList" objectid="207" type="DELAY" value="751c384d-b586-4564-a91f-0d3383fc0242"/>
<objectids-entry key="Default zone¤P1_Opencart_AddItemToWishList¤Opencart_AddItemToWishList" objectid="208" type="BASIC_LOGICAL_CONTAINER" value="$parent=Opencart_AddItemToWishList;$index=2"/>
<objectids-entry key="Default zone¤P1_Opencart_AddItemToWishList¤Opencart_AddItemToWishList" objectid="209" type="BASIC_LOGICAL_CONTAINER" value="d4d29a54-ede1-4b82-b2c9-4a7666d5c0e7"/>
<objectids-entry key="Default zone¤P1_Opencart_AddItemToWishList¤Opencart_AddItemToWishList" objectid="210" type="HTTP_PAGE" value="b353a6c6-a915-4e8d-ba75-db2484df4097"/>
<objectids-entry key="Default zone¤P1_Opencart_AddItemToWishList¤Opencart_AddItemToWishList" objectid="211" type="ACTION" value="6a97a9b7-f9f0-42bd-a57a-4c55ac024963"/>
<objectids-entry key="Default zone¤P1_Opencart_AddItemToWishList¤Opencart_AddItemToWishList" objectid="212" type="ACTION" value="c4e9b150-ed19-4c05-bcbc-698931fed282"/>
<objectids-entry key="Default zone¤P1_Opencart_AddItemToWishList¤Opencart_AddItemToWishList" objectid="213" type="HTTP_PAGE" value="39b86fd1-beb6-40c8-9acc-58cf3688d2e1"/>
<objectids-entry key="Default zone¤P1_Opencart_AddItemToWishList¤Opencart_AddItemToWishList" objectid="214" type="ACTION" value="9228c283-8f6a-4193-9993-6454ad397a69"/>
<objectids-entry key="Default zone¤P1_Opencart_AddItemToWishList¤Opencart_AddItemToWishList" objectid="215" type="DELAY" value="a22c767f-824d-4396-9645-38b4b8bd6b60"/>
<objectids-entry key="¤¤" objectid="216" type="MONITORED_HOST" value="NeoLoad"/>
<objectids-entry key="¤¤" objectid="217" type="MONITORCONNECTION" value="NeoLoad$NeoLoad"/>
<objectids-entry key="¤¤" objectid="218" type="MONITOR" value="NeoLoad$NeoLoad$UserLoad"/>
<objectids-entry key="¤¤" objectid="219" type="MONITOR" value="NeoLoad$NeoLoad$throughput"/>
<objectids-entry key="¤¤" objectid="220" type="MONITOR" value="NeoLoad$NeoLoad$Alerts"/>
<objectids-entry key="¤¤" objectid="221" type="MONITOR" value="NeoLoad$NeoLoad$CriticalAlerts"/>
<objectids-entry key="¤¤" objectid="222" type="MONITOR" value="NeoLoad$NeoLoad$WarningAlerts"/>
<objectids-entry key="¤¤" objectid="223" type="MONITOR" value="NeoLoad$NeoLoad$cpu"/>
<objectids-entry key="¤¤" objectid="224" type="THRESHOLD" value="NeoLoad$NeoLoad$a36ced61-a9ad-45df-9df3-9d890fcd4dba"/>
<objectids-entry key="¤¤" objectid="225" type="MONITOR" value="NeoLoad$NeoLoad$memory"/>
<objectids-entry key="¤¤" objectid="226" type="THRESHOLD" value="NeoLoad$NeoLoad$8847c42c-67aa-42dc-ac85-4e236a1cae40"/>
<objectids-entry key="¤¤" objectid="227" type="MONITOR" value="NeoLoad$NeoLoad$threadcount"/>
<objectids-entry key="¤¤" objectid="228" type="MONITOR" value="NeoLoad$NeoLoad$memoryos"/>
<objectids-entry key="¤¤" objectid="229" type="THRESHOLD" value="NeoLoad$NeoLoad$06224e72-f2f7-47d5-be15-8e094a7ffb4b"/>
<objectids-entry key="¤¤" objectid="230" type="MONITOR" value="NeoLoad$NeoLoad$connectedlg"/>
<objectids-entry key="¤¤" objectid="231" type="MONITOR" value="NeoLoad$NeoLoad$totallgdisconnections"/>
<objectids-entry key="¤¤" objectid="232" type="THRESHOLD" value="NeoLoad$NeoLoad$1d06c281-cbde-423d-93a0-b385796dfa38"/>
<objectids-entry key="¤¤" objectid="233" type="MONITOR" value="NeoLoad$NeoLoad$totallgreconnections"/>
<objectids-entry key="¤¤" objectid="234" type="MONITOR" value="NeoLoad$NeoLoad$otcp.NeoLoad"/>
<objectids-entry key="¤¤" objectid="235" type="MONITOR" value="NeoLoad$NeoLoad$tcp.NeoLoad"/>
<objectids-entry key="¤¤" objectid="236" type="MONITOR" value="NeoLoad$NeoLoad$ibytesperinterface~NeoLoad~eth1"/>
<objectids-entry key="¤¤" objectid="237" type="MONITOR" value="NeoLoad$NeoLoad$obytesperinterface~NeoLoad~eth1"/>
<objectids-entry key="¤¤" objectid="238" type="MONITOR" value="NeoLoad$NeoLoad$ibytesperinterface~NeoLoad~wlan3"/>
<objectids-entry key="¤¤" objectid="239" type="MONITOR" value="NeoLoad$NeoLoad$obytesperinterface~NeoLoad~wlan3"/>
<objectids-entry key="¤¤" objectid="240" type="MONITOR" value="NeoLoad$NeoLoad$nlwebdownload"/>
<objectids-entry key="¤¤" objectid="241" type="MONITOR" value="NeoLoad$NeoLoad$nlwebupload"/>
<objectids-entry key="¤¤" objectid="242" type="MONITOR" value="NeoLoad$NeoLoad$SapUserLoad"/>
<objectids-entry key="¤¤" objectid="243" type="MONITOR" value="NeoLoad$NeoLoad$zoneuserload~Default zone"/>
<objectids-entry key="¤¤" objectid="244" type="MONITOR" value="NeoLoad$NeoLoad$zoneuserloadperpopulation~Default zone~P1_Opencart_NewAccountCreation"/>
<objectids-entry key="¤¤" objectid="245" type="MONITOR" value="NeoLoad$NeoLoad$zoneuserloadperpopulation~Default zone~P1_Opencart_NewAccountCreation~Opencart_NewAccountCreation"/>
<objectids-entry key="¤¤" objectid="246" type="MONITOR" value="NeoLoad$NeoLoad$zoneuserloadperpopulation~Default zone~P1_Opencart_AddProductToCart"/>
<objectids-entry key="¤¤" objectid="247" type="MONITOR" value="NeoLoad$NeoLoad$zoneuserloadperpopulation~Default zone~P1_Opencart_AddProductToCart~Opencart_AddProductToCart"/>
<objectids-entry key="¤¤" objectid="248" type="MONITOR" value="NeoLoad$NeoLoad$zoneuserloadperpopulation~Default zone~P1_Opencart_AddItemToWishList"/>
<objectids-entry key="¤¤" objectid="249" type="MONITOR" value="NeoLoad$NeoLoad$zoneuserloadperpopulation~Default zone~P1_Opencart_AddItemToWishList~Opencart_AddItemToWishList"/>
<objectids-entry key="¤¤" objectid="250" type="MONITORED_HOST" value="LG localhost:7100"/>
<objectids-entry key="¤¤" objectid="251" type="MONITORCONNECTION" value="LG localhost:7100$NeoLoad"/>
<objectids-entry key="¤¤" objectid="252" type="MONITOR" value="LG localhost:7100$NeoLoad$lgcpu.localhost:7100"/>
<objectids-entry key="¤¤" objectid="253" type="THRESHOLD" value="LG localhost:7100$NeoLoad$1b1924e3-78e8-4402-a673-4dfb870cd489"/>
<objectids-entry key="¤¤" objectid="254" type="MONITOR" value="LG localhost:7100$NeoLoad$lgmemory.localhost:7100"/>
<objectids-entry key="¤¤" objectid="255" type="THRESHOLD" value="LG localhost:7100$NeoLoad$ad3f4d72-ad5b-4e7f-91f7-332d47a165ee"/>
<objectids-entry key="¤¤" objectid="256" type="MONITOR" value="LG localhost:7100$NeoLoad$lgthroughput.localhost:7100"/>
<objectids-entry key="¤¤" objectid="257" type="MONITOR" value="LG localhost:7100$NeoLoad$lgosmemory.localhost:7100"/>
<objectids-entry key="¤¤" objectid="258" type="THRESHOLD" value="LG localhost:7100$NeoLoad$3c1153cf-c2ef-432c-8347-76fe1c4207d1"/>
<objectids-entry key="¤¤" objectid="259" type="MONITOR" value="LG localhost:7100$NeoLoad$lguserloadperpopulation~localhost:7100"/>
<objectids-entry key="¤¤" objectid="260" type="MONITOR" value="LG localhost:7100$NeoLoad$lgthreadcount.localhost:7100"/>
<objectids-entry key="¤¤" objectid="261" type="MONITOR" value="LG localhost:7100$NeoLoad$lg.jetty.httpclient.threadpool.used.localhost:7100"/>
<objectids-entry key="¤¤" objectid="262" type="MONITOR" value="LG localhost:7100$NeoLoad$lg.jetty.httpclient.taskpool.used.localhost:7100"/>
<objectids-entry key="¤¤" objectid="263" type="THRESHOLD" value="LG localhost:7100$NeoLoad$ffdb5aba-fc7a-43e0-8ef6-9237c2bab894"/>
<objectids-entry key="¤¤" objectid="264" type="MONITOR" value="LG localhost:7100$NeoLoad$lgdisconnections.localhost:7100"/>
<objectids-entry key="¤¤" objectid="265" type="MONITOR" value="LG localhost:7100$NeoLoad$lgreconnections.localhost:7100"/>
<objectids-entry key="¤¤" objectid="266" type="MONITOR" value="LG localhost:7100$NeoLoad$lgping.localhost:7100"/>
<objectids-entry key="¤¤" objectid="267" type="MONITOR" value="LG localhost:7100$NeoLoad$lgotcp.localhost:7100"/>
<objectids-entry key="¤¤" objectid="268" type="MONITOR" value="LG localhost:7100$NeoLoad$lgtcp.localhost:7100"/>
<objectids-entry key="¤¤" objectid="269" type="MONITOR" value="LG localhost:7100$NeoLoad$lgibytesperinterface~localhost:7100~eth1"/>
<objectids-entry key="¤¤" objectid="270" type="MONITOR" value="LG localhost:7100$NeoLoad$lgobytesperinterface~localhost:7100~eth1"/>
<objectids-entry key="¤¤" objectid="271" type="MONITOR" value="LG localhost:7100$NeoLoad$lgibytesperinterface~localhost:7100~wlan3"/>
<objectids-entry key="¤¤" objectid="272" type="MONITOR" value="LG localhost:7100$NeoLoad$lgobytesperinterface~localhost:7100~wlan3"/>
</objectids-table>
<!--****** DURATION ******-->
<duration value="0"/>
<!--****** AGGREGATION PERIOD ******-->
<aggregation-period value="1000"/>
<!--****** EXTENDED STATISTICS ******-->
<truncated-mean centered-interval="true" percentage="90"/>
<percentile percentage="50"/>
</project>
